"","year","emissions"
"1","2015",39152.7262983861
"2","2020",39693.7264516875
"3","2025",39693.7264516875
"4","2030",22847.2709173939
"5","2035",22847.2709173939
"6","2040",10475.0888193787
"7","2045",10475.0888193787
"8","2050",2050.36155775864
"9","2055",2050.36155775864
"10","2060",-1525.97831742005
"11","2065",-1525.97831742005
"12","2070",-4476.97014942135
"13","2075",-4476.97014942135
"14","2080",-7308.78257887009
"15","2085",-7308.78257887009
"16","2090",-10565.0228295996
"17","2095",-10565.0228295996
"18","2100",-13889.7875467544
"19","2105",-13889.7875467544
"20","2110",-13413.5008316282
"21","2115",-13413.5008316282
"22","2120",-12937.2141165021
"23","2125",-12937.2141165021
"24","2130",-12460.927401376
"25","2135",-12460.927401376
"26","2140",-11984.6406862499
"27","2145",-11984.6406862499
"28","2150",-9206.683176899
"29","2155",-9206.683176899
"30","2160",-6905.01238267425
"31","2165",-6905.01238267425
"32","2170",-4603.3415884495
"33","2175",-4603.3415884495
"34","2180",-2301.67079422475
"35","2185",-2301.67079422475
"36","2190",0
"37","2195",0
"38","2200",0
"39","2205",0
"40","2210",0
"41","2215",0
"42","2220",0
"43","2225",0
"44","2230",0
"45","2235",0
"46","2240",0
"47","2245",0
"48","2250",0
"49","2255",0
"50","2260",0
"51","2265",0
"52","2270",0
"53","2275",0
"54","2280",0
"55","2285",0
"56","2290",0
"57","2295",0
"58","2300",0
"59","2305",0
"60","2310",0
"61","2315",0
"62","2320",0
"63","2325",0
"64","2330",0
"65","2335",0
"66","2340",0
"67","2345",0
"68","2350",0
"69","2355",0
"70","2360",0
"71","2365",0
"72","2370",0
"73","2375",0
"74","2380",0
"75","2385",0
"76","2390",0
"77","2395",0
"78","2400",0
"79","2405",0
"80","2410",0
"81","2415",0
"82","2420",0
"83","2425",0
"84","2430",0
"85","2435",0
"86","2440",0
"87","2445",0
"88","2450",0
"89","2455",0
"90","2460",0
"91","2465",0
"92","2470",0
"93","2475",0
"94","2480",0
"95","2485",0
"96","2490",0
"97","2495",0
"98","2500",0
"99","2505",0
"100","2510",0
