"","year","emissions"
"1","2015",39152.7262983861
"2","2020",39804.0134329135
"3","2025",39804.0134329135
"4","2030",34734.4236538735
"5","2035",34734.4236538735
"6","2040",26509.1826883491
"7","2045",26509.1826883491
"8","2050",17963.5391054859
"9","2055",17963.5391054859
"10","2060",10527.978660351
"11","2065",10527.978660351
"12","2070",4476.32832268895
"13","2075",4476.32832268895
"14","2080",-3285.04327111752
"15","2085",-3285.04327111752
"16","2090",-8385.18296529049
"17","2095",-8385.18296529049
"18","2100",-8617.78621970578
"19","2105",-8617.78621970578
"20","2110",-8037.97906773695
"21","2115",-8037.97906773695
"22","2120",-7458.17191576811
"23","2125",-7458.17191576811
"24","2130",-6878.36476379928
"25","2135",-6878.36476379928
"26","2140",-6298.55761183044
"27","2145",-6298.55761183044
"28","2150",-4575.00036788928
"29","2155",-4575.00036788928
"30","2160",-3431.25027591696
"31","2165",-3431.25027591696
"32","2170",-2287.50018394464
"33","2175",-2287.50018394464
"34","2180",-1143.75009197232
"35","2185",-1143.75009197232
"36","2190",0
"37","2195",0
"38","2200",0
"39","2205",0
"40","2210",0
"41","2215",0
"42","2220",0
"43","2225",0
"44","2230",0
"45","2235",0
"46","2240",0
"47","2245",0
"48","2250",0
"49","2255",0
"50","2260",0
"51","2265",0
"52","2270",0
"53","2275",0
"54","2280",0
"55","2285",0
"56","2290",0
"57","2295",0
"58","2300",0
"59","2305",0
"60","2310",0
"61","2315",0
"62","2320",0
"63","2325",0
"64","2330",0
"65","2335",0
"66","2340",0
"67","2345",0
"68","2350",0
"69","2355",0
"70","2360",0
"71","2365",0
"72","2370",0
"73","2375",0
"74","2380",0
"75","2385",0
"76","2390",0
"77","2395",0
"78","2400",0
"79","2405",0
"80","2410",0
"81","2415",0
"82","2420",0
"83","2425",0
"84","2430",0
"85","2435",0
"86","2440",0
"87","2445",0
"88","2450",0
"89","2455",0
"90","2460",0
"91","2465",0
"92","2470",0
"93","2475",0
"94","2480",0
"95","2485",0
"96","2490",0
"97","2495",0
"98","2500",0
"99","2505",0
"100","2510",0
