"","year","emissions"
"1","2015",39152.7262983861
"2","2020",39076.3195447893
"3","2025",39076.3195447893
"4","2030",34459.2994519619
"5","2035",34459.2994519619
"6","2040",27739.1093795644
"7","2045",27739.1093795644
"8","2050",19838.7682525923
"9","2055",19838.7682525923
"10","2060",15055.8233918441
"11","2065",15055.8233918441
"12","2070",10855.7365134768
"13","2075",10855.7365134768
"14","2080",3714.68028821882
"15","2085",3714.68028821882
"16","2090",-5959.37660982061
"17","2095",-5959.37660982061
"18","2100",-14816.9454137507
"19","2105",-14816.9454137507
"20","2110",-15112.4121560056
"21","2115",-15112.4121560056
"22","2120",-15407.8788982606
"23","2125",-15407.8788982606
"24","2130",-15703.3456405155
"25","2135",-15703.3456405155
"26","2140",-15998.8123827704
"27","2145",-15998.8123827704
"28","2150",-13035.4233000203
"29","2155",-13035.4233000203
"30","2160",-9776.56747501522
"31","2165",-9776.56747501522
"32","2170",-6517.71165001015
"33","2175",-6517.71165001015
"34","2180",-3258.85582500507
"35","2185",-3258.85582500507
"36","2190",0
"37","2195",0
"38","2200",0
"39","2205",0
"40","2210",0
"41","2215",0
"42","2220",0
"43","2225",0
"44","2230",0
"45","2235",0
"46","2240",0
"47","2245",0
"48","2250",0
"49","2255",0
"50","2260",0
"51","2265",0
"52","2270",0
"53","2275",0
"54","2280",0
"55","2285",0
"56","2290",0
"57","2295",0
"58","2300",0
"59","2305",0
"60","2310",0
"61","2315",0
"62","2320",0
"63","2325",0
"64","2330",0
"65","2335",0
"66","2340",0
"67","2345",0
"68","2350",0
"69","2355",0
"70","2360",0
"71","2365",0
"72","2370",0
"73","2375",0
"74","2380",0
"75","2385",0
"76","2390",0
"77","2395",0
"78","2400",0
"79","2405",0
"80","2410",0
"81","2415",0
"82","2420",0
"83","2425",0
"84","2430",0
"85","2435",0
"86","2440",0
"87","2445",0
"88","2450",0
"89","2455",0
"90","2460",0
"91","2465",0
"92","2470",0
"93","2475",0
"94","2480",0
"95","2485",0
"96","2490",0
"97","2495",0
"98","2500",0
"99","2505",0
"100","2510",0
