"","year","emissions"
"1","2015",39152.7262983861
"2","2020",39076.3221030325
"3","2025",39076.3221030325
"4","2030",45167.9132904564
"5","2035",45167.9132904564
"6","2040",48142.9254069429
"7","2045",48142.9254069429
"8","2050",48377.8674941088
"9","2055",48377.8674941088
"10","2060",47264.5406065955
"11","2065",47264.5406065955
"12","2070",44673.5801111043
"13","2075",44673.5801111043
"14","2080",37400.4401337218
"15","2085",37400.4401337218
"16","2090",29631.1472948104
"17","2095",29631.1472948104
"18","2100",21925.0100226782
"19","2105",21925.0100226782
"20","2110",20717.6246586897
"21","2115",20717.6246586897
"22","2120",19510.2392947012
"23","2125",19510.2392947012
"24","2130",18302.8539307127
"25","2135",18302.8539307127
"26","2140",17095.4685667242
"27","2145",17095.4685667242
"28","2150",15888.0832027357
"29","2155",15888.0832027357
"30","2160",14299.2748824621
"31","2165",14299.2748824621
"32","2170",12710.4665621886
"33","2175",12710.4665621886
"34","2180",11121.658241915
"35","2185",11121.658241915
"36","2190",9532.84992164142
"37","2195",9532.84992164142
"38","2200",7944.04160136785
"39","2205",7944.04160136785
"40","2210",6355.23328109428
"41","2215",6355.23328109428
"42","2220",4766.42496082071
"43","2225",4766.42496082071
"44","2230",3177.61664054714
"45","2235",3177.61664054714
"46","2240",1588.80832027357
"47","2245",1588.80832027357
"48","2250",0
"49","2255",0
"50","2260",0
"51","2265",0
"52","2270",0
"53","2275",0
"54","2280",0
"55","2285",0
"56","2290",0
"57","2295",0
"58","2300",0
"59","2305",0
"60","2310",0
"61","2315",0
"62","2320",0
"63","2325",0
"64","2330",0
"65","2335",0
"66","2340",0
"67","2345",0
"68","2350",0
"69","2355",0
"70","2360",0
"71","2365",0
"72","2370",0
"73","2375",0
"74","2380",0
"75","2385",0
"76","2390",0
"77","2395",0
"78","2400",0
"79","2405",0
"80","2410",0
"81","2415",0
"82","2420",0
"83","2425",0
"84","2430",0
"85","2435",0
"86","2440",0
"87","2445",0
"88","2450",0
"89","2455",0
"90","2460",0
"91","2465",0
"92","2470",0
"93","2475",0
"94","2480",0
"95","2485",0
"96","2490",0
"97","2495",0
"98","2500",0
"99","2505",0
"100","2510",0
