"","year","emissions"
"1","2015",39152.7262983861
"2","2020",43712.348564522
"3","2025",43712.348564522
"4","2030",55296.5832256573
"5","2035",55296.5832256573
"6","2040",68775.6982044148
"7","2045",68775.6982044148
"8","2050",83298.2199421344
"9","2055",83298.2199421344
"10","2060",100338.606181869
"11","2065",100338.606181869
"12","2070",116805.249302524
"13","2075",116805.249302524
"14","2080",129647.035019421
"15","2085",129647.035019421
"16","2090",130576.238819421
"17","2095",130576.238819421
"18","2100",126287.309719421
"19","2105",126287.309719421
"20","2110",118072.198044793
"21","2115",118072.198044793
"22","2120",109857.086370165
"23","2125",109857.086370165
"24","2130",101641.974695537
"25","2135",101641.974695537
"26","2140",93426.8630209088
"27","2145",93426.8630209088
"28","2150",85211.7513462807
"29","2155",85211.7513462807
"30","2160",76690.5762116527
"31","2165",76690.5762116527
"32","2170",68169.4010770246
"33","2175",68169.4010770246
"34","2180",59648.2259423965
"35","2185",59648.2259423965
"36","2190",51127.0508077684
"37","2195",51127.0508077684
"38","2200",42605.8756731404
"39","2205",42605.8756731404
"40","2210",34084.7005385123
"41","2215",34084.7005385123
"42","2220",25563.5254038842
"43","2225",25563.5254038842
"44","2230",17042.3502692561
"45","2235",17042.3502692561
"46","2240",8521.17513462807
"47","2245",8521.17513462807
"48","2250",0
"49","2255",0
"50","2260",0
"51","2265",0
"52","2270",0
"53","2275",0
"54","2280",0
"55","2285",0
"56","2290",0
"57","2295",0
"58","2300",0
"59","2305",0
"60","2310",0
"61","2315",0
"62","2320",0
"63","2325",0
"64","2330",0
"65","2335",0
"66","2340",0
"67","2345",0
"68","2350",0
"69","2355",0
"70","2360",0
"71","2365",0
"72","2370",0
"73","2375",0
"74","2380",0
"75","2385",0
"76","2390",0
"77","2395",0
"78","2400",0
"79","2405",0
"80","2410",0
"81","2415",0
"82","2420",0
"83","2425",0
"84","2430",0
"85","2435",0
"86","2440",0
"87","2445",0
"88","2450",0
"89","2455",0
"90","2460",0
"91","2465",0
"92","2470",0
"93","2475",0
"94","2480",0
"95","2485",0
"96","2490",0
"97","2495",0
"98","2500",0
"99","2505",0
"100","2510",0
